"name","prompt","source","status"
"（未定）","（未定）","CSV/キャラデータ/Chara376 エジェリー.csv","服装名（日本語）"
"『金』の竜衣","『金』の竜衣","CSV/キャラデータ/Chara11 ガレヲン.csv","服装名（日本語）"
"『黒』の竜帛","『黒』の竜帛","CSV/キャラデータ/Chara10 フェディエル.csv","服装名（日本語）"
"『朱』の竜袴","『朱』の竜袴","CSV/キャラデータ/Chara364 ウィルナス.csv","服装名（日本語）"
"『翠』の毛並","『翠』の毛並","CSV/キャラデータ/Chara227 イーウィヤ.csv","服装名（日本語）"
"『白』の竜装","『白』の竜装","CSV/キャラデータ/Chara375 ルオー.csv","服装名（日本語）"
"『碧』の竜服","『碧』の竜服","CSV/キャラデータ/Chara12 ワムデュス.csv","服装名（日本語）"
"『保管器』の薄絹","『保管器』の薄絹","CSV/キャラデータ/Chara416 メア.csv","服装名（日本語）"
"Ｃ・Ｃ・Ｃ","Ｃ・Ｃ・Ｃ","通常衣装関連\販売用服データ\CLOTHES_Ｃ・Ｃ・Ｃ.ERB","服装名（日本語）"
"DOSSボーカルの衣装","DOSSボーカルの衣装","CSV/キャラデータ/Chara387 アオイドス.csv","服装名（日本語）"
"eraの着物","eraの着物","CSV/キャラデータ/Chara998 era.csv","服装名（日本語）"
"J・Jの私服","J・Jの私服","CSV/キャラデータ/Chara329 Ｊ・Ｊ.csv","服装名（日本語）"
"Kingの改造制服","Kingの改造制服","CSV/キャラデータ/Chara289 ショウ.csv","服装名（日本語）"
"アーニャのバトルドレス","アーニャのバトルドレス","口上_キャラ個別ERB\1415_アーニャ\CLOTHES_アーニャの戦闘衣装.ERB","服装名（日本語）"
"アイラの魔法少女服","アイラの魔法少女服","口上_キャラ個別ERB\3633_アイラ\CLOTHES_アイラの魔法少女服.ERB","服装名（日本語）"
"アサギのダンジョン衣装","アサギのダンジョン衣装","口上_キャラ個別ERB\2505_アサギ\CLOTHES_アサギのダンジョン衣装.ERB","服装名（日本語）"
"アスカの対魔忍スーツ","taimanin suit","初期タグ / TEQUIP着用状態; 口上_キャラ個別ERB\1531_アスカ\CLOTHES_アスカの対魔忍スーツ.ERB","初期タグ"
"アスタロト様の僕たる装い","アスタロト様の僕たる装い","CSV/キャラデータ/Chara386 メイガス.csv","服装名（日本語）"
"アスナのダンジョン衣装","アスナのダンジョン衣装","口上_キャラ個別ERB\1955_アスナ\CLOTHES_アスナのダンジョン衣装.ERB","服装名（日本語）"
"アポロの普段着","アポロの普段着","CSV/キャラデータ/Chara210 アポロニア.csv","服装名（日本語）"
"アメスク","american school uniform","初期タグ / TEQUIP着用状態; 通常衣装関連\販売用服データ\CLOTHES_アメスク.ERB","初期タグ"
"あやめのダンジョン衣装","あやめのダンジョン衣装","口上_キャラ個別ERB\1554_あやめ\CLOTHES_あやめのダンジョン衣装.ERB","服装名（日本語）"
"アラビアンドレス","アラビアンドレス","口上_キャラ個別ERB\3072_イザベラ\スタイル変化_イザベラ.ERB","服装名（日本語）"
"アリスの臨戦衣装","アリスの臨戦衣装","口上_キャラ個別ERB\1089_アリス\CLOTHES_アリスの臨戦衣装.ERB","服装名（日本語）"
"アルゴのダンジョン衣装","アルゴのダンジョン衣装","口上_キャラ個別ERB\1656_アルゴ\CLOTHES_アルゴのダンジョン衣装.ERB","服装名（日本語）"
"アルバのドレス","アルバのドレス","CSV/キャラデータ/Chara440 アルバ.csv","服装名（日本語）"
"イザベラのドレス","イザベラのドレス","CSV/キャラデータ/Chara438 イザベラ.csv","服装名（日本語）"
"イスタバイオン軍の鎧","イスタバイオン軍の鎧","CSV/キャラデータ/Chara430 アニシダ.csv","服装名（日本語）"
"いとし子の旅装","いとし子の旅装","CSV/キャラデータ/Chara380 ユニ.csv","服装名（日本語）"
"イリナの戦闘服","イリナの戦闘服","口上_キャラ個別ERB\3055_イリナ\CLOTHES_イリナの戦闘服.ERB","服装名（日本語）"
"イリヤのダンジョン衣装","イリヤのダンジョン衣装","口上_キャラ個別ERB\1186_イリヤ\CLOTHES_イリヤのダンジョン衣装.ERB","服装名（日本語）"
"イルルのダンジョン衣装","イルルのダンジョン衣装","口上_キャラ個別ERB\1079_イルル\CLOTHES_イルルのダンジョン衣装.ERB","服装名（日本語）"
"ヴァイオリニストの演奏服","ヴァイオリニストの演奏服","CSV/キャラデータ/Chara369 ナーヴェ.csv","服装名（日本語）"
"ヴァンツァの旅装","ヴァンツァの旅装","CSV/キャラデータ/Chara291 ヴァンツァ.csv","服装名（日本語）"
"ウェールズ家のブルードレス","ウェールズ家のブルードレス","CSV/キャラデータ/Chara418 ヘルツェロイデ.csv","服装名（日本語）"
"ウェールズ近衛騎士鎧装","ウェールズ近衛騎士鎧装","CSV/キャラデータ/Chara405 トー.csv","服装名（日本語）"
"ウエディングドレス","wedding dress","初期タグ / TEQUIP着用状態; 通常衣装関連\服データ\CLOTHES_汎用服データ.ERB","初期タグ"
"ウエディングビキニ","bridal bikini, bridal veil","初期タグ / TEQUIP着用状態; 通常衣装関連\服データ\CLOTHES_ウエディングビキニ.ERB","初期タグ"
"ヴェリトールの騎士装束","ヴェリトールの騎士装束","CSV/キャラデータ/Chara292 ヴェリトール.csv","服装名（日本語）"
"エリートウーマンズウェア","エリートウーマンズウェア","CSV/キャラデータ/Chara126 フライデー.csv","服装名（日本語）"
"エルーン用","エルーン用","通常衣装関連\販売用服データ\CLOTHES_ミニメイド服.ERB","服装名（日本語）"
"エルデニ将軍の専用鎧","エルデニ将軍の専用鎧","CSV/キャラデータ/Chara119 ポラリス.csv","服装名（日本語）"
"エルフォース王都騎士団長制服","エルフォース王都騎士団長制服","CSV/キャラデータ/Chara346 エミリア.csv","服装名（日本語）"
"オーガニックスタイル","オーガニックスタイル","CSV/キャラデータ/Chara338 コワフュール.csv","服装名（日本語）"
"オキャンの怪盗服","オキャンの怪盗服","口上_キャラ個別ERB\2678_オキャン\CLOTHES_オキャンの怪盗服.ERB","服装名（日本語）"
"おじさん騎士鎧","おじさん騎士鎧","CSV/キャラデータ/Chara232 デリフォード.csv","服装名（日本語）"
"おしゃれ着","formal clothes","初期タグ / TEQUIP着用状態","初期タグ"
"オダヅモッキー・コーディネート","オダヅモッキー・コーディネート","CSV/キャラデータ/Chara111 バルルガン.csv","服装名（日本語）"
"オダヅモッキースタイル","オダヅモッキースタイル","CSV/キャラデータ/Chara333 スカル.csv","服装名（日本語）"
"おてんば姫君の稽古服","おてんば姫君の稽古服","CSV/キャラデータ/Chara92 アリーザ.csv","服装名（日本語）"
"オフィスウェア","オフィスウェア","CSV/キャラデータ/Chara248 マリエ.csv","服装名（日本語）"
"オルターエゴ・マリシャス","オルターエゴ・マリシャス","通常衣装関連\販売用服データ\CLOTHES_オルターエゴ・マリシャス.ERB","服装名（日本語）"
"かぐやの弓道着","kyudogi","初期タグ / TEQUIP着用状態; 口上_キャラ個別ERB\2662_かぐや\CLOTHES_かぐやの弓道着.ERB","初期タグ"
"カリンのダンジョン衣装","カリンのダンジョン衣装","口上_キャラ個別ERB\2009_カリン\CLOTHES_カリンのダンジョン衣装.ERB","服装名（日本語）"
"カレンのパイロットスーツ","pilot suit","初期タグ / TEQUIP着用状態; 口上_キャラ個別ERB\1831_カレン\CLOTHES_カレンのパイロットスーツ.ERB","初期タグ"
"カレンの冒険装束","カレンの冒険装束","CSV/キャラデータ/Chara246 カレン.csv","服装名（日本語）"
"キノコ求める山岳装","キノコ求める山岳装","CSV/キャラデータ/Chara114 ルドミリア.csv","服装名（日本語）"
"キャットランジェリー","cat lingerie","初期タグ / TEQUIP着用状態; 通常衣装関連\販売用服データ\CLOTHES_キャットランジェリー.ERB","初期タグ"
"きゃゎたん☆ぷりんせすコーデ","きゃゎたん☆ぷりんせすコーデ","CSV/キャラデータ/Chara337 クロエ.csv","服装名（日本語）"
"ギヨタのスーツ","ギヨタのスーツ","CSV/キャラデータ/Chara443 ギヨタ.csv","服装名（日本語）"
"クマの着ぐるみ","bear kigurumi","初期タグ / TEQUIP着用状態; 口上_キャラ個別ERB\2194_クマ\CLOTHES_クマの着ぐるみ.ERB","初期タグ"
"グラフィティ・ファッション","グラフィティ・ファッション","CSV/キャラデータ/Chara18 イルノート.csv","服装名（日本語）"
"クロウのスーツ","クロウのスーツ","口上_キャラ個別ERB\3410_明智\CLOTHES_クロウのスーツ.ERB","服装名（日本語）"
"クロエのダンジョン衣装","クロエのダンジョン衣装","口上_キャラ個別ERB\1185_クロエ\CLOTHES_クロエのダンジョン衣装.ERB","服装名（日本語）"
"ゴールデンバブリードレス","gold dress","初期タグ / TEQUIP着用状態; 通常衣装関連\販売用服データ\CLOTHES_ゴールデンバブリードレス.ERB","初期タグ"
"ゴーレム研究の実用白衣","ゴーレム研究の実用白衣","CSV/キャラデータ/Chara118 アルスピラ.csv","服装名（日本語）"
"ココアのダンジョン衣装","ココアのダンジョン衣装","口上_キャラ個別ERB\2173_ココア\CLOTHES_ココアのダンジョン衣装.ERB","服装名（日本語）"
"ゴブリンのローブ","ゴブリンのローブ","CSV/キャラデータ/Chara428 ハイゴブリンメイジ.csv","服装名（日本語）"
"ゴブリンハンターの軽鎧","ゴブリンハンターの軽鎧","CSV/キャラデータ/Chara122 フィーナ.csv","服装名（日本語）"
"コロマグパイロットスーツ","コロマグパイロットスーツ","CSV/キャラデータ/Chara137 コロマグちゃん.csv","服装名（日本語）"
"サーファースーツ","サーファースーツ","CSV/キャラデータ/Chara290 カイラナ.csv","服装名（日本語）"
"サイキョー流道着","martial arts uniform","初期タグ / TEQUIP着用状態; 口上_キャラ個別ERB\3458_ダン\CLOTHES_サイキョー流胴着.ERB","初期タグ"
"サキュバスギャル服","サキュバスギャル服","通常衣装関連\販売用服データ\CLOTHES_サキュバスギャル服.ERB","服装名（日本語）"
"サキュバスチアコス","succubus costume, cheerleader outfit","初期タグ / TEQUIP着用状態; 通常衣装関連\販売用服データ\CLOTHES_サキュバスチアコス.ERB","初期タグ"
"さくらのダンジョン衣装","さくらのダンジョン衣装","口上_キャラ個別ERB\2248_さくら\CLOTHES_さくらのダンジョン衣装.ERB","服装名（日本語）"
"さすらいの家庭教師服","さすらいの家庭教師服","CSV/キャラデータ/Chara109 スフラマール.csv","服装名（日本語）"
"さすらいの料理服","さすらいの料理服","CSV/キャラデータ/Chara105 エルメラウラ.csv","服装名（日本語）"
"サバトラの毛並","サバトラの毛並","CSV/キャラデータ/Chara228 マジ半端ねぇ猫.csv","服装名（日本語）"
"サムライキモノ","サムライキモノ","CSV/キャラデータ/Chara69 シオン.csv","服装名（日本語）"
"サムライハカマ","サムライハカマ","CSV/キャラデータ/Chara68 ミリン.csv","服装名（日本語）"
"サンバ衣装","samba costume","初期タグ / TEQUIP着用状態; 通常衣装関連\販売用服データ\CLOTHES_サンバ衣装.ERB","初期タグ"
"シースルーレオタード","see-through leotard","初期タグ / TEQUIP着用状態; 通常衣装関連\販売用服データ\CLOTHES_シースルーレオタード.ERB","初期タグ"
"シャークソルジャーレオタード","シャークソルジャーレオタード","CSV/キャラデータ/Chara255 メグ.csv","服装名（日本語）"
"シュヴァリエール","シュヴァリエール","通常衣装関連\条件付き服データ\CLOTHES_シュヴァリエール.ERB","服装名（日本語）"
"ジョエルの水着","ジョエルの水着","CSV/キャラデータ/Chara332 ジョエル.csv","服装名（日本語）"
"ジョーカーのスーツ","ジョーカーのスーツ","口上_キャラ個別ERB\2612_蓮\CLOTHES_ジョーカーのスーツ.ERB","服装名（日本語）"
"シロウの作業着","シロウの作業着","CSV/キャラデータ/Chara247 シロウ.csv","服装名（日本語）"
"ジンの甲冑","ジンの甲冑","CSV/キャラデータ/Chara215 ジン.csv","服装名（日本語）"
"スィールの普段着","スィールの普段着","CSV/キャラデータ/Chara348 スィール.csv","服装名（日本語）"
"スーパーセクシー巫女服","revealing miko outfit","初期タグ / TEQUIP着用状態; 通常衣装関連\販売用服データ\CLOTHES_スーパーセクシー巫女服.ERB","初期タグ"
"すーぱーふみな","すーぱーふみな","口上_キャラ個別ERB\1140_フミナ\CLOTHES_すーぱーふみな.ERB","服装名（日本語）"
"スカルのスーツ","スカルのスーツ","口上_キャラ個別ERB\3398_竜司\CLOTHES_スカルのスーツ.ERB","服装名（日本語）"
"すけすけボディースーツ","see-through bodysuit","初期タグ / TEQUIP着用状態; 通常衣装関連\服データ\CLOTHES_すけすけボディースーツ.ERB","初期タグ"
"スターリースカイ・ブライト","スターリースカイ・ブライト","通常衣装関連\条件付き服データ\CLOTHES_スターリースカイ・ブライト.ERB","服装名（日本語）"
"スピナーの私服","スピナーの私服","CSV/キャラデータ/Chara349 スピナー.csv","服装名（日本語）"
"スモック","smock","初期タグ / TEQUIP着用状態; 通常衣装関連\服データ\CLOTHES_汎用服データ.ERB","初期タグ"
"スリングショット","slingshot swimsuit","初期タグ / TEQUIP着用状態; 通常衣装関連\販売用服データ\CLOTHES_スリングショット.ERB","初期タグ"
"セクシーキョンシー","jiangshi costume","初期タグ / TEQUIP着用状態; 通常衣装関連\販売用服データ\CLOTHES_セクシーキョンシー.ERB","初期タグ"
"セクシーチア","cheerleader outfit","初期タグ / TEQUIP着用状態; 通常衣装関連\販売用服データ\CLOTHES_セクシーチア.ERB","初期タグ"
"セクシーポリス","police uniform","初期タグ / TEQUIP着用状態; 通常衣装関連\販売用服データ\CLOTHES_セクシーポリス.ERB","初期タグ"
"セクシーランジェリー","lingerie","初期タグ / TEQUIP着用状態; 通常衣装関連\服データ\CLOTHES_エロ衣装データ.ERB","初期タグ"
"セクシー巫女服","revealing miko outfit","初期タグ / TEQUIP着用状態; 通常衣装関連\販売用服データ\CLOTHES_セクシー巫女服.ERB","初期タグ"
"ゼノヴィアの戦闘服","ゼノヴィアの戦闘服","口上_キャラ個別ERB\2917_ゼノヴィア\CLOTHES_ゼノヴィアの戦闘服.ERB","服装名（日本語）"
"セレフィラの舞台衣装","セレフィラの舞台衣装","CSV/キャラデータ/Chara298 セレフィラ.csv","服装名（日本語）"
"センの普段着","センの普段着","CSV/キャラデータ/Chara310 セン.csv","服装名（日本語）"
"ソネットのダンジョン衣装","ソネットのダンジョン衣装","口上_キャラ個別ERB\1196_ソネット\CLOTHES_ソネットのダンジョン衣装.ERB","服装名（日本語）"
"ソリッズの道着","ソリッズの道着","CSV/キャラデータ/Chara216 ソリッズ.csv","服装名（日本語）"
"ダークドラグーンの団長服","ダークドラグーンの団長服","CSV/キャラデータ/Chara97 フォルテ.csv","服装名（日本語）"
"タアロの民族衣装","タアロの民族衣装","CSV/キャラデータ/Chara257 タヴィーナ.csv","服装名（日本語）"
"ダイアのダンジョン衣装","ダイアのダンジョン衣装","口上_キャラ個別ERB\2172_ダイア\CLOTHES_ダイアのダンジョン衣装.ERB","服装名（日本語）"
"ダクトな作業服","ダクトな作業服","CSV/キャラデータ/Chara163 アイザック.csv","服装名（日本語）"
"チアリーダー","cheerleader outfit","初期タグ / TEQUIP着用状態; 通常衣装関連\販売用服データ\CLOTHES_チアリーダー.ERB","初期タグ"
"チェリーハントセーター","cutout sweater","初期タグ / TEQUIP着用状態; 通常衣装関連\販売用服データ\CLOTHES_チェリーハントセーター.ERB","初期タグ"
"チェリストの演奏服","チェリストの演奏服","CSV/キャラデータ/Chara286 アウフスタ.csv","服装名（日本語）"
"チャイナドレス","china dress","初期タグ / TEQUIP着用状態; 通常衣装関連\服データ\CLOTHES_汎用服データ.ERB","初期タグ"
"チャラ男のチャラい普段着","チャラ男のチャラい普段着","CSV/キャラデータ/Chara264 ローアイン.csv; CSV/キャラデータ/Chara265 エルセム.csv; CSV/キャラデータ/Chara266 トモイ.csv","服装名（日本語）"
"ちょっと出しすぎな服","ちょっと出しすぎな服","口上_キャラ個別ERB\2204_織姫\CLOTHES_ちょっと出しすぎな服.ERB","服装名（日本語）"
"ツクヨミのアバター","ツクヨミのアバター","通常衣装関連\条件付き服データ\CLOTHES_ツクヨミのアバター.ERB","服装名（日本語）"
"ツクヨミの羽衣","ツクヨミの羽衣","CSV/キャラデータ/Chara445 ツクヨミ.csv","服装名（日本語）"
"つやつや光沢服","shiny clothes","初期タグ / TEQUIP着用状態; 通常衣装関連\販売用服データ\CLOTHES_つやつや光沢服.ERB","初期タグ"
"つやつや従業員制服","shiny clothes, hotel staff uniform","初期タグ / TEQUIP着用状態; 通常衣装関連\販売用服データ\CLOTHES_つやつや従業員制服.ERB","初期タグ"
"つよあまロリータ","つよあまロリータ","口上_キャラ個別ERB\167_チチリ\口上_チチリ_衣装変更関連.ERB","服装名（日本語）"
"ディアンドル","dirndl","初期タグ / TEQUIP着用状態; 通常衣装関連\販売用服データ\CLOTHES_ディアンドル.ERB","初期タグ"
"ティナの旅装束","ティナの旅装束","CSV/キャラデータ/Chara218 ティナ.csv","服装名（日本語）"
"デフォルト1","デフォルト1","口上_キャラ個別ERB\25_カリオストロ\口上_カリオストロ_衣装変更関連.ERB","服装名（日本語）"
"デルフィナの服","デルフィナの服","CSV/キャラデータ/Chara427 デルフィナ.csv","服装名（日本語）"
"デンジャラスビースト","デンジャラスビースト","通常衣装関連\販売用服データ\CLOTHES_デンジャラスビースト.ERB","服装名（日本語）"
"ドナの仕事着","ドナの仕事着","CSV/キャラデータ/Chara397 ドナ.csv","服装名（日本語）"
"ドラフ用","ドラフ用","通常衣装関連\販売用服データ\CLOTHES_ミニメイド服.ERB","服装名（日本語）"
"トランペッターの演奏服","トランペッターの演奏服","CSV/キャラデータ/Chara368 セシール.csv","服装名（日本語）"
"トリック・オア・トリートメント","トリック・オア・トリートメント","通常衣装関連\販売用服データ\CLOTHES_トリック・オア・トリートメント.ERB","服装名（日本語）"
"トレジャーハンターの軽装服","トレジャーハンターの軽装服","CSV/キャラデータ/Chara67 カルバ.csv","服装名（日本語）"
"トレジャーハンターの冒険服","トレジャーハンターの冒険服","CSV/キャラデータ/Chara219 マリー.csv","服装名（日本語）"
"ナース服","nurse uniform","初期タグ / TEQUIP着用状態; 通常衣装関連\販売用服データ\CLOTHES_ナース服.ERB","初期タグ"
"ナディアの装束","ナディアの装束","CSV/キャラデータ/Chara447 ナディア.csv","服装名（日本語）"
"ナナのデビルーク正装","ナナのデビルーク正装","口上_キャラ個別ERB\1542_ナナ\CLOTHES_ナナのデビルーク正装.ERB","服装名（日本語）"
"ニャアンのパイロットスーツ","pilot suit","初期タグ / TEQUIP着用状態; 口上_キャラ個別ERB\2515_ニャアン\CLOTHES_ニャアンのパイロットスーツ.ERB","初期タグ"
"ネネの普段着","ネネの普段着","CSV/キャラデータ/Chara357 ネネ.csv","服装名（日本語）"
"ネメシスのダンジョン衣装","ネメシスのダンジョン衣装","口上_キャラ個別ERB\1546_ネメシス\CLOTHES_ネメシスのダンジョン衣装.ERB","服装名（日本語）"
"ハーヴィン用","ハーヴィン用","通常衣装関連\販売用服データ\CLOTHES_ミニメイド服.ERB","服装名（日本語）"
"バージンキラーセーター","virgin killer sweater","初期タグ / TEQUIP着用状態; 通常衣装関連\販売用服データ\CLOTHES_バージンキラーセーター.ERB","初期タグ"
"バイオリン職人の作業服","バイオリン職人の作業服","CSV/キャラデータ/Chara378 カンターテ.csv","服装名（日本語）"
"ハガーのダンジョン衣装","ハガーのダンジョン衣装","口上_キャラ個別ERB\2218_ハガー\CLOTHES_ハガーのダンジョン衣装.ERB","服装名（日本語）"
"バカンスクロップドコーデ","バカンスクロップドコーデ","CSV/キャラデータ/Chara256 まりっぺ.csv","服装名（日本語）"
"バスケユニ","basketball uniform","初期タグ / TEQUIP着用状態; 通常衣装関連\服データ\CLOTHES_バスケユニ.ERB","初期タグ"
"バスローブ","bathrobe","初期タグ / TEQUIP着用状態; 通常衣装関連\服データ\CLOTHES_汎用服データ.ERB","初期タグ"
"バックレスセーター","backless sweater","初期タグ / TEQUIP着用状態; 通常衣装関連\服データ\CLOTHES_バックレスセーター.ERB","初期タグ"
"バニー服","bunny suit","初期タグ / TEQUIP着用状態; 通常衣装関連\服データ\CLOTHES_汎用服データ.ERB","初期タグ"
"パンサーのスーツ","パンサーのスーツ","口上_キャラ個別ERB\3045_杏\CLOTHES_パンサーのスーツ.ERB","服装名（日本語）"
"ビカラのハロウィン衣装","ビカラのハロウィン衣装","口上_キャラ個別ERB\6_ビカラ\CLOTHES_ビカラのハロウィン衣装.ERB","服装名（日本語）"
"ビキニ","bikini","初期タグ / TEQUIP着用状態","初期タグ"
"ひなのドレス","ひなのドレス","口上_キャラ個別ERB\3054_ヒナ\CLOTHES_ひなのドレス.ERB","服装名（日本語）"
"ヒューマン用","ヒューマン用","通常衣装関連\販売用服データ\CLOTHES_ミニメイド服.ERB","服装名（日本語）"
"ビヨンドザブルースカイ","ビヨンドザブルースカイ","通常衣装関連\条件付き服データ\CLOTHES_ビヨンドザブルースカイ.ERB","服装名（日本語）"
"フィオリトのトレーニングウェア","フィオリトのトレーニングウェア","CSV/キャラデータ/Chara371 フィオリト.csv","服装名（日本語）"
"ブーム・アンド・ショック","ブーム・アンド・ショック","通常衣装関連\販売用服データ\CLOTHES_ブーム・アンド・ショック.ERB","服装名（日本語）"
"フェザーの旅装束","フェザーの旅装束","CSV/キャラデータ/Chara300 フェザー.csv","服装名（日本語）"
"フォックスのスーツ","フォックスのスーツ","口上_キャラ個別ERB\2452_喜多川\CLOTHES_フォックスのスーツ.ERB","服装名（日本語）"
"プランジングネック","one-piece swimsuit, plunging neckline","初期タグ / TEQUIP着用状態","初期タグ"
"プリンスの装い","プリンスの装い","CSV/キャラデータ/Chara318 アンジェ・デルランジェ.csv","服装名（日本語）"
"プリンセスドレス","プリンセスドレス","CSV/キャラデータ/Chara431 ゴブリンプリンセス.csv","服装名（日本語）"
"フルーティストの演奏服","フルーティストの演奏服","CSV/キャラデータ/Chara370 パメラ.csv","服装名（日本語）"
"プレデタースーツ","プレデタースーツ","CSV/キャラデータ/Chara249 プレデター.csv","服装名（日本語）"
"プロトジョイボディ","プロトジョイボディ","CSV/キャラデータ/Chara401 プロトジョヤ.csv","服装名（日本語）"
"フロントオープンセーター","front cutout sweater","初期タグ / TEQUIP着用状態; 通常衣装関連\販売用服データ\CLOTHES_フロントオープンセーター.ERB","初期タグ"
"ベテラン操舵士の鎧服","ベテラン操舵士の鎧服","CSV/キャラデータ/Chara147 ラカム.csv","服装名（日本語）"
"ベリナイクレージーウェア","ベリナイクレージーウェア","CSV/キャラデータ/Chara43 ハレゼナ.csv","服装名（日本語）"
"ヘルナルの旅装束","ヘルナルの旅装束","CSV/キャラデータ/Chara245 ヘルナル.csv","服装名（日本語）"
"ペンギー☆パイロットスーツ","ペンギー☆パイロットスーツ","CSV/キャラデータ/Chara196 ペンギー.csv","服装名（日本語）"
"ボーイレッグ・ビキニ","bikini, boyshorts","初期タグ / TEQUIP着用状態","初期タグ"
"ホシノの臨戦衣装","ホシノの臨戦衣装","口上_キャラ個別ERB\3218_ホシノ\CLOTHES_ホシノの臨戦衣装.ERB","服装名（日本語）"
"ホワイトタキシード","white tuxedo","初期タグ / TEQUIP着用状態; 通常衣装関連\服データ\CLOTHES_汎用服データ.ERB","初期タグ"
"ポンメルンの鎧","ポンメルンの鎧","CSV/キャラデータ/Chara429 ポンメルン・ベットナー.csv","服装名（日本語）"
"マイクロビキニ","micro bikini","初期タグ / TEQUIP着用状態; 通常衣装関連\服データ\CLOTHES_エロ衣装データ.ERB","初期タグ"
"マガザンのスーツ","マガザンのスーツ","CSV/キャラデータ/Chara160 ネハン.csv","服装名（日本語）"
"マジカルキョーコの衣装","マジカルキョーコの衣装","口上_キャラ個別ERB\3210_恭子\CLOTHES_マジカルキョーコの衣装.ERB","服装名（日本語）"
"マスコットの礼服","マスコットの礼服","CSV/キャラデータ/Chara253 サンドリヨン.csv","服装名（日本語）"
"マチュのダンジョン衣装","マチュのダンジョン衣装","口上_キャラ個別ERB\2043_マチュ\CLOTHES_マチュのダンジョン衣装.ERB","服装名（日本語）"
"マッサージ着","massage robe","初期タグ / TEQUIP着用状態; 通常衣装関連\服データ\CLOTHES_汎用服データ.ERB","初期タグ"
"マナリア学院制服","マナリア学院制服","CSV/キャラデータ/Chara299 ハンナ.csv","服装名（日本語）"
"マナリア教師服","マナリア教師服","CSV/キャラデータ/Chara214 ミランダ.csv","服装名（日本語）"
"マナリア制服・特攻仕様","マナリア制服・特攻仕様","CSV/キャラデータ/Chara288 ツバサ.csv","服装名（日本語）"
"マナリア制服・姫","マナリア制服・姫","CSV/キャラデータ/Chara77 アン.csv","服装名（日本語）"
"マナリア制服・竜","マナリア制服・竜","CSV/キャラデータ/Chara78 グレア.csv","服装名（日本語）"
"マナリア魔法学院制服","マナリア魔法学院制服","CSV/キャラデータ/Chara309 ルゥ.csv; CSV/キャラデータ/Chara308 オーウェン.csv","服装名（日本語）"
"みくのバトルドレス","みくのバトルドレス","口上_キャラ個別ERB\1484_みく\CLOTHES_みくの戦闘衣装.ERB","服装名（日本語）"
"ミスオルカ：聞かせたい物語","ミスオルカ：聞かせたい物語","口上_キャラ個別ERB\1084_セクメト\CLOTHES_ミスオルカ：聞かせたい物語.ERB","服装名（日本語）"
"みずほのダンジョン衣装","みずほのダンジョン衣装","口上_キャラ個別ERB\1383_みずほ\CLOTHES_みずほのダンジョン衣装.ERB","服装名（日本語）"
"ミソギのハロウィン衣装","ミソギのハロウィン衣装","口上_キャラ個別ERB\1099_ミソギ\CLOTHES_ミソギのハロウィン衣装.ERB","服装名（日本語）"
"ミッドナイト・サキュバス","ミッドナイト・サキュバス","通常衣装関連\販売用服データ\CLOTHES_ミッドナイト・サキュバス.ERB","服装名（日本語）"
"ミニゴブリンメイジの魔導服","ミニゴブリンメイジの魔導服","CSV/キャラデータ/Chara123 ミニゴブ.csv","服装名（日本語）"
"ミニスカサンタ","santa costume, miniskirt","初期タグ / TEQUIP着用状態; 通常衣装関連\服データ\CLOTHES_汎用服データ.ERB","初期タグ"
"ミニチャイナ","short china dress","初期タグ / TEQUIP着用状態; 通常衣装関連\服データ\CLOTHES_汎用服データ.ERB","初期タグ"
"ミニメイド服","maid outfit, miniskirt","初期タグ / TEQUIP着用状態; 通常衣装関連\販売用服データ\CLOTHES_ミニメイド服.ERB","初期タグ"
"ミミのハロウィン衣装","ミミのハロウィン衣装","口上_キャラ個別ERB\1098_ミミ\CLOTHES_ミミのハロウィン衣装.ERB","服装名（日本語）"
"ムゲンの服","ムゲンの服","CSV/キャラデータ/Chara217 ムゲン.csv","服装名（日本語）"
"メアのダンジョン衣装","メアのダンジョン衣装","口上_キャラ個別ERB\1545_メア\CLOTHES_メアのダンジョン衣装.ERB","服装名（日本語）"
"メイド服","maid outfit","初期タグ / TEQUIP着用状態; 通常衣装関連\服データ\CLOTHES_汎用服データ.ERB","初期タグ"
"メガサーナイト","メガサーナイト","口上_キャラ個別ERB\1585_サーナイト\CLOTHES_メガサーナイト.ERB","服装名（日本語）"
"メガミミロップ","メガミミロップ","口上_キャラ個別ERB\1908_ミミロップ\CLOTHES_メガミミロップ.ERB","服装名（日本語）"
"メガルカリオ","メガルカリオ","口上_キャラ個別ERB\1779_ルカリオ\CLOTHES_メガルカリオ.ERB","服装名（日本語）"
"モモのデビルーク正装","モモのデビルーク正装","口上_キャラ個別ERB\1543_モモ\CLOTHES_モモのデビルーク正装.ERB","服装名（日本語）"
"ユイのアストラル衣装","ユイのアストラル衣装","口上_キャラ個別ERB\2121_ユイ\CLOTHES_ユイのアストラル衣装.ERB","服装名（日本語）"
"ユスティナ聖徒会礼装","ユスティナ聖徒会礼装","通常衣装関連\販売用服データ\CLOTHES_ユスティナ聖徒会礼装.ERB","服装名（日本語）"
"ユッコの服","ユッコの服","CSV/キャラデータ/Chara444 ユーリィン.csv","服装名（日本語）"
"ヨガウェア","yoga clothes","初期タグ / TEQUIP着用状態; 通常衣装関連\販売用服データ\CLOTHES_ヨガウェア.ERB","初期タグ"
"ヨハンの旅装","ヨハンの旅装","CSV/キャラデータ/Chara335 ヨハン.csv","服装名（日本語）"
"ラーメン食べ歩き旅装束","ラーメン食べ歩き旅装束","CSV/キャラデータ/Chara326 イッパツ.csv","服装名（日本語）"
"ライアンの旅装束","ライアンの旅装束","CSV/キャラデータ/Chara250 ライアン.csv","服装名（日本語）"
"ラガッツォの普段着","ラガッツォの普段着","CSV/キャラデータ/Chara374 ラガッツォ.csv","服装名（日本語）"
"ラドリスの騎士服","ラドリスの騎士服","CSV/キャラデータ/Chara403 サブリナ.csv","服装名（日本語）"
"ララのデビルーク正装","ララのデビルーク正装","口上_キャラ個別ERB\1522_ララ\CLOTHES_ララのデビルーク正装.ERB","服装名（日本語）"
"ララの道着","martial arts uniform","初期タグ / TEQUIP着用状態; 口上_キャラ個別ERB\2984_ララ\CLOTHES_ララの道着.ERB","初期タグ"
"ランドルの旅装束","ランドルの旅装束","CSV/キャラデータ/Chara301 ランドル.csv","服装名（日本語）"
"リサリサの服","リサリサの服","CSV/キャラデータ/Chara442 アリサ.csv","服装名（日本語）"
"リズベットのダンジョン衣装","リズベットのダンジョン衣装","口上_キャラ個別ERB\1654_リズベット\CLOTHES_リズベットのダンジョン衣装.ERB","服装名（日本語）"
"リゾートEGO：紅籍","リゾートEGO：紅籍","通常衣装関連\条件付き服データ\CLOTHES_リゾートEGO：紅籍.ERB","服装名（日本語）"
"リゾート警備制服","security guard uniform","初期タグ / TEQUIP着用状態; 通常衣装関連\販売用服データ\CLOTHES_リゾート警備制服.ERB","初期タグ"
"リゾート従業員制服","hotel staff uniform","初期タグ / TEQUIP着用状態; 起床前メニュー関連処理\従業員関連処理\従業員制服設定.ERB; 通常衣装関連\服データ\CLOTHES_汎用服データ.ERB","初期タグ"
"リュミエール騎士団新米武装","リュミエール騎士団新米武装","CSV/キャラデータ/Chara112 ブリジール.csv","服装名（日本語）"
"リュミエール聖騎士団長服","リュミエール聖騎士団長服","CSV/キャラデータ/Chara30 シャルロッテ.csv","服装名（日本語）"
"リリスのドレス","リリスのドレス","CSV/キャラデータ/Chara435 リリス.csv","服装名（日本語）"
"ルーンダイスの占い装束","ルーンダイスの占い装束","CSV/キャラデータ/Chara327 クルーニ.csv","服装名（日本語）"
"ルシウスの旅装束","ルシウスの旅装束","CSV/キャラデータ/Chara251 ルシウス.csv","服装名（日本語）"
"ルロウホロウの私服","ルロウホロウの私服","CSV/キャラデータ/Chara433 ルロウホロウ.csv","服装名（日本語）"
"レヴィオンシスターズ制服","レヴィオンシスターズ制服","CSV/キャラデータ/Chara211 マイム.csv; CSV/キャラデータ/Chara212 ミイム.csv; CSV/キャラデータ/Chara213 メイム.csv","服装名（日本語）"
"レオタード","leotard","初期タグ / TEQUIP着用状態; 通常衣装関連\服データ\CLOTHES_レオタード.ERB","初期タグ"
"レッドラックの旅装束","レッドラックの旅装束","CSV/キャラデータ/Chara302 レッドラック.csv","服装名（日本語）"
"レナトゥス教司教服","レナトゥス教司教服","CSV/キャラデータ/Chara441 リスリサル.csv","服装名（日本語）"
"レミィのダンジョン衣装","レミィのダンジョン衣装","口上_キャラ個別ERB\2459_レミィ\CLOTHES_レミィのダンジョン衣装.ERB","服装名（日本語）"
"ロイヤル・アイシング","ロイヤル・アイシング","通常衣装関連\販売用服データ\CLOTHES_ロイヤル・アイシング.ERB","服装名（日本語）"
"ロボミ型装甲ボディ","ロボミ型装甲ボディ","CSV/キャラデータ/Chara389 ロボミ.csv","服装名（日本語）"
"ロングドレス","long dress","初期タグ / TEQUIP着用状態; 通常衣装関連\服データ\CLOTHES_ロングドレス.ERB","初期タグ"
"ワンダーアルケミスト","ワンダーアルケミスト","口上_キャラ個別ERB\25_カリオストロ\口上_カリオストロ_衣装変更関連.ERB","服装名（日本語）"
"ワンピース","one-piece swimsuit","初期タグ / TEQUIP着用状態","初期タグ"
"亜季のダンジョン衣装","亜季のダンジョン衣装","口上_キャラ個別ERB\1474_亜季\CLOTHES_亜季のダンジョン衣装.ERB","服装名（日本語）"
"愛の伝道師コスチューム","愛の伝道師コスチューム","CSV/キャラデータ/Chara411 ファスティバ.csv","服装名（日本語）"
"愛を追う星晶獣の装い","愛を追う星晶獣の装い","CSV/キャラデータ/Chara384 シルフ.csv","服装名（日本語）"
"愛縁の舞踊装束","愛縁の舞踊装束","CSV/キャラデータ/Chara173 ヨウ.csv","服装名（日本語）"
"愛佳のマジックユーザー衣装","愛佳のマジックユーザー衣装","口上_キャラ個別ERB\3369_愛佳\CLOTHES_愛佳のマジックユーザー衣装.ERB","服装名（日本語）"
"愛玩具","愛玩具","通常衣装関連\条件付き服データ\CLOTHES_愛玩具.ERB","服装名（日本語）"
"愛梨のバトルドレス","愛梨のバトルドレス","口上_キャラ個別ERB\1479_愛梨\CLOTHES_愛梨の戦闘衣装.ERB","服装名（日本語）"
"悪を滅する善神祭服","悪を滅する善神祭服","CSV/キャラデータ/Chara165 シヴァ.csv","服装名（日本語）"
"悪魔と力の賢者装","悪魔と力の賢者装","CSV/キャラデータ/Chara62 フラウ.csv","服装名（日本語）"
"悪魔の衣","悪魔の衣","CSV/キャラデータ/Chara381 アザゼル.csv","服装名（日本語）"
"絢爛たる夜鳴鳥の花魁衣装","絢爛たる夜鳴鳥の花魁衣装","CSV/キャラデータ/Chara345 ウツセミ.csv","服装名（日本語）"
"暗殺者の装束","暗殺者の装束","CSV/キャラデータ/Chara367 ジャミル.csv","服装名（日本語）"
"暗闘者の装束","暗闘者の装束","CSV/キャラデータ/Chara356 ターニャ.csv","服装名（日本語）"
"伊達と酔狂の服","伊達と酔狂の服","CSV/キャラデータ/Chara233 イングヴェイ.csv","服装名（日本語）"
"亥の十二神将服","亥の十二神将服","CSV/キャラデータ/Chara5 クビラ.csv","服装名（日本語）"
"一人前を夢見る狩装束","一人前を夢見る狩装束","CSV/キャラデータ/Chara73 アステール.csv","服装名（日本語）"
"淫蕩のアロハスタイル","open hawaiian shirt","初期タグ / TEQUIP着用状態; 通常衣装関連\販売用服データ\CLOTHES_淫蕩のアロハスタイル.ERB","初期タグ"
"陰湿少女の普段着","陰湿少女の普段着","CSV/キャラデータ/Chara45 リッチ.csv","服装名（日本語）"
"隠者のローブ","隠者のローブ","CSV/キャラデータ/Chara330 エスタリオラ.csv","服装名（日本語）"
"隠遁する星の民の服","隠遁する星の民の服","CSV/キャラデータ/Chara997 タピィラ.csv","服装名（日本語）"
"卯の十二神将服","卯の十二神将服","CSV/キャラデータ/Chara102 マコラ.csv","服装名（日本語）"
"丑の十二神将服","丑の十二神将服","CSV/キャラデータ/Chara7 シャトラ.csv","服装名（日本語）"
"雲水の旅装","雲水の旅装","CSV/キャラデータ/Chara242 バクラ.csv","服装名（日本語）"
"叡智の制服","叡智の制服","CSV/キャラデータ/Chara319 アリステラ・アレテイ.csv","服装名（日本語）"
"叡智の殿堂の司書服","叡智の殿堂の司書服","CSV/キャラデータ/Chara307 アルシャ.csv","服装名（日本語）"
"英雄の甲冑","英雄の甲冑","CSV/キャラデータ/Chara382 ガウェイン.csv","服装名（日本語）"
"炎のメイド服","炎のメイド服","CSV/キャラデータ/Chara183 ドロシー.csv","服装名（日本語）"
"炎司る天司の装い","炎司る天司の装い","CSV/キャラデータ/Chara360 ミカエル.csv","服装名（日本語）"
"炎帝の戦鎧","炎帝の戦鎧","CSV/キャラデータ/Chara153 パーシヴァル.csv","服装名（日本語）"
"焔傭兵の戦闘服","焔傭兵の戦闘服","CSV/キャラデータ/Chara66 スツルム.csv","服装名（日本語）"
"艶やかな毛皮","艶やかな毛皮","口上_キャラ個別ERB\2998_ゾロアーク\スタイル変化_ゾロアーク.ERB","服装名（日本語）"
"乙女の冒険服","乙女の冒険服","CSV/キャラデータ/Chara399 ニーナ・ドランゴ.csv","服装名（日本語）"
"下タイツ","pantyhose","初期タグ / TEQUIP着用状態","初期タグ"
"下半身下着_1","underwear","初期タグ / TEQUIP着用状態","初期タグ"
"下半身下着_-1","crotchless underwear","初期タグ / TEQUIP着用状態","初期タグ"
"下半身下着_2","maebari","初期タグ / TEQUIP着用状態","初期タグ"
"下半身下着_-2","genital piercing","初期タグ / TEQUIP着用状態","初期タグ"
"下半身下着_3","fundoshi","初期タグ / TEQUIP着用状態","初期タグ"
"下半身下着_-3","genital tag","初期タグ / TEQUIP着用状態","初期タグ"
"下半身下着_4","ribbon panties","初期タグ / TEQUIP着用状態","初期タグ"
"下半身裸","bottomless","初期タグ / TEQUIP着用状態","初期タグ"
"歌鈴のダンジョン衣装","歌鈴のダンジョン衣装","口上_キャラ個別ERB\1552_歌鈴\CLOTHES_歌鈴のダンジョン衣装.ERB","服装名（日本語）"
"花マル激カワドレス","花マル激カワドレス","CSV/キャラデータ/Chara175 マナマル.csv","服装名（日本語）"
"花魁ノ御華","花魁ノ御華","通常衣装関連\販売用服データ\CLOTHES_花魁ノ御華.ERB","服装名（日本語）"
"花創の服","花創の服","CSV/キャラデータ/Chara47 レナ.csv","服装名（日本語）"
"臥龍の旅装束","臥龍の旅装束","CSV/キャラデータ/Chara293 カイン.csv","服装名（日本語）"
"怪盗の服","怪盗の服","CSV/キャラデータ/Chara366 シャノワール.csv","服装名（日本語）"
"灰白の闘士軽装","灰白の闘士軽装","CSV/キャラデータ/Chara236 アイル.csv","服装名（日本語）"
"開祖の美少女錬金術服","開祖の美少女錬金術服","CSV/キャラデータ/Chara25 カリオストロ.csv","服装名（日本語）"
"外科医の旅服","外科医の旅服","CSV/キャラデータ/Chara41 ティコ.csv","服装名（日本語）"
"学生騎士の服","学生騎士の服","CSV/キャラデータ/Chara267 タイアー.csv","服装名（日本語）"
"学生服","school uniform","初期タグ / TEQUIP着用状態; 通常衣装関連\販売用服データ\CLOTHES_学生服.ERB","初期タグ"
"学生服風忍者装束","学生服風忍者装束","CSV/キャラデータ/Chara222 さと.csv","服装名（日本語）"
"楽園の魔王のドレス","楽園の魔王のドレス","CSV/キャラデータ/Chara184 コンスタンツィア.csv","服装名（日本語）"
"楽団舞台衣装・チュービスト","楽団舞台衣装・チュービスト","CSV/キャラデータ/Chara117 ロベルティナ.csv","服装名（日本語）"
"環のダンジョン衣装","環のダンジョン衣装","口上_キャラ個別ERB\2150_環\CLOTHES_環のダンジョン衣装.ERB","服装名（日本語）"
"肝っ玉母ちゃんの普段着","肝っ玉母ちゃんの普段着","CSV/キャラデータ/Chara436 ラーライラ.csv","服装名（日本語）"
"鑑定士の旅装","鑑定士の旅装","CSV/キャラデータ/Chara334 セイラン.csv","服装名（日本語）"
"希求の軍師服","希求の軍師服","CSV/キャラデータ/Chara261 シュラ.csv","服装名（日本語）"
"希求の錬金術師服","希求の錬金術師服","CSV/キャラデータ/Chara139 ミレイユ.csv","服装名（日本語）"
"騎士の鎧","騎士の鎧","CSV/キャラデータ/Chara340 ボレミア.csv","服装名（日本語）"
"鬼神の戦闘装束","鬼神の戦闘装束","CSV/キャラデータ/Chara294 ラインハルザ.csv","服装名（日本語）"
"偽王女の服","偽王女の服","CSV/キャラデータ/Chara273 ツヴァイ.csv","服装名（日本語）"
"義侠のドレス","義侠のドレス","CSV/キャラデータ/Chara198 ユイシス.csv","服装名（日本語）"
"喫茶店従業員服","cafe uniform, apron","初期タグ / TEQUIP着用状態; 通常衣装関連\販売用服データ\CLOTHES_喫茶店従業員服.ERB","初期タグ"
"喫茶店従業員服（特殊業務）","cafe uniform, apron","初期タグ / TEQUIP着用状態; 通常衣装関連\販売用服データ\CLOTHES_喫茶店従業員服（特殊業務）.ERB","初期タグ"
"逆バニー","reverse bunny suit","初期タグ / TEQUIP着用状態; 通常衣装関連\服データ\CLOTHES_エロ衣装データ.ERB","初期タグ"
"吸血姫の貴族服","吸血姫の貴族服","CSV/キャラデータ/Chara13 ヴァンピィ.csv","服装名（日本語）"
"弓兵の軽兵装","弓兵の軽兵装","CSV/キャラデータ/Chara108 ミラオル.csv","服装名（日本語）"
"弓兵の軽旅装","弓兵の軽旅装","CSV/キャラデータ/Chara107 ザーリリャオー.csv","服装名（日本語）"
"巨人の鋼鉄鎧","巨人の鋼鉄鎧","CSV/キャラデータ/Chara136 コロッサス.csv","服装名（日本語）"
"漁民服","漁民服","CSV/キャラデータ/Chara46 シグ.csv","服装名（日本語）"
"境界世界の普段着","境界世界の普段着","CSV/キャラデータ/Chara410 シトリ.csv","服装名（日本語）"
"恐ろしくカッコいい竜みたいな服","恐ろしくカッコいい竜みたいな服","CSV/キャラデータ/Chara181 ティラ.csv","服装名（日本語）"
"狂戦士の軽装","狂戦士の軽装","CSV/キャラデータ/Chara241 ザザ.csv","服装名（日本語）"
"狂弄の忠騎服","狂弄の忠騎服","CSV/キャラデータ/Chara29 ヴィーラ.csv","服装名（日本語）"
"暁の軽鎧","暁の軽鎧","CSV/キャラデータ/Chara238 アギエルバ.csv","服装名（日本語）"
"暁の児童服","暁の児童服","CSV/キャラデータ/Chara239 アルドラ.csv","服装名（日本語）"
"玉塵の裁衣","玉塵の裁衣","CSV/キャラデータ/Chara48 マキュラ・マリウス.csv","服装名（日本語）"
"玉水の衣","玉水の衣","CSV/キャラデータ/Chara448 竜吉公主.csv","服装名（日本語）"
"吟遊詩人の服","吟遊詩人の服","CSV/キャラデータ/Chara313 エルタ.csv","服装名（日本語）"
"銀の軍師服","銀の軍師服","CSV/キャラデータ/Chara260 アルタイル.csv","服装名（日本語）"
"銀氷の竜人のバトルドレス","銀氷の竜人のバトルドレス","CSV/キャラデータ/Chara287 フィルレイン.csv","服装名（日本語）"
"駆け出し騎空士の冒険服","駆け出し騎空士の冒険服","CSV/キャラデータ/Chara146 グラン.csv","服装名（日本語）"
"愚かな賢者の飛行服","愚かな賢者の飛行服","CSV/キャラデータ/Chara55 フィラソピラ.csv","服装名（日本語）"
"愚者の旅衣","愚者の旅衣","CSV/キャラデータ/Chara190 カイム.csv","服装名（日本語）"
"空の敵たる暗躍服","空の敵たる暗躍服","CSV/キャラデータ/Chara170 グレイス.csv","服装名（日本語）"
"慶子のダンジョン衣装","慶子のダンジョン衣装","口上_キャラ個別ERB\2628_慶子\CLOTHES_慶子のダンジョン衣装.ERB","服装名（日本語）"
"血貴の貴族服","血貴の貴族服","CSV/キャラデータ/Chara363 ヴァイト.csv","服装名（日本語）"
"月と女教皇の賢者装","月と女教皇の賢者装","CSV/キャラデータ/Chara63 ハーゼリーラ.csv","服装名（日本語）"
"月の世界の戦闘服","月の世界の戦闘服","CSV/キャラデータ/Chara164 カシウス.csv","服装名（日本語）"
"月の調査隊服","月の調査隊服","CSV/キャラデータ/Chara420 ヤチマ.csv","服装名（日本語）"
"月猫神の踊り子衣装","月猫神の踊り子衣装","CSV/キャラデータ/Chara221 バステト.csv","服装名（日本語）"
"剣鬼の修練服","剣鬼の修練服","CSV/キャラデータ/Chara32 アズサ.csv","服装名（日本語）"
"剣聖の弟子の服","剣聖の弟子の服","CSV/キャラデータ/Chara280 レンス.csv","服装名（日本語）"
"喧嘩部特化型二つ星極制服","喧嘩部特化型二つ星極制服","口上_キャラ個別ERB\3426_マコ\CLOTHES_喧嘩部特化型二つ星極制服.ERB","服装名（日本語）"
"元騎空士の普段着","元騎空士の普段着","CSV/キャラデータ/Chara422 シャトラのパパ.csv","服装名（日本語）"
"元実験着のワンピース","元実験着のワンピース","CSV/キャラデータ/Chara424 シンシャ.csv","服装名（日本語）"
"厳父の普段着","厳父の普段着","CSV/キャラデータ/Chara421 ガムシラ.csv","服装名（日本語）"
"幻使いの旅装","幻使いの旅装","CSV/キャラデータ/Chara408 トルー.csv","服装名（日本語）"
"玄帝の四聖装束","玄帝の四聖装束","CSV/キャラデータ/Chara224 ウルキ.csv","服装名（日本語）"
"午の十二神将服","午の十二神将服","CSV/キャラデータ/Chara452 サンチラ.csv","服装名（日本語）"
"光のダンジョン衣装","光のダンジョン衣装","口上_キャラ個別ERB\1668_光\CLOTHES_光のダンジョン衣装.ERB","服装名（日本語）"
"光の卜者の装い","光の卜者の装い","CSV/キャラデータ/Chara407 ホルス.csv","服装名（日本語）"
"公爵の装束","公爵の装束","CSV/キャラデータ/Chara355 パリス.csv","服装名（日本語）"
"幸運の月羽衣","幸運の月羽衣","CSV/キャラデータ/Chara285 カグヤ.csv","服装名（日本語）"
"拘束服","straitjacket","初期タグ / TEQUIP着用状態; 口上_キャラ個別ERB\2509_C子\CLOTHES_拘束服.ERB","初期タグ"
"皇女のドレス","皇女のドレス","CSV/キャラデータ/Chara446 ルーヴェラ・イーヴァ・ガングス.csv","服装名（日本語）"
"紅狐の舞服","紅狐の舞服","CSV/キャラデータ/Chara33 ユエル.csv","服装名（日本語）"
"高潔なスーツ","高潔なスーツ","CSV/キャラデータ/Chara235 アンダーソン.csv","服装名（日本語）"
"剛と絆の装束","剛と絆の装束","CSV/キャラデータ/Chara76 メルゥ.csv","服装名（日本語）"
"合金料理人の鍛冶服","合金料理人の鍛冶服","CSV/キャラデータ/Chara324 エアロバイス.csv","服装名（日本語）"
"黒き指教天司の装い","黒き指教天司の装い","CSV/キャラデータ/Chara361 ハールート.csv","服装名（日本語）"
"黒の毛並","黒の毛並","CSV/キャラデータ/Chara311 フライハイト.csv","服装名（日本語）"
"黒極のドレス","黒極のドレス","CSV/キャラデータ/Chara413 ノワール.csv","服装名（日本語）"
"黒雷のバリアジャケット","黒雷のバリアジャケット","口上_キャラ個別ERB\2633_フェイト\CLOTHES_黒雷のバリアジャケット.ERB","服装名（日本語）"
"再生の民族マント","再生の民族マント","CSV/キャラデータ/Chara259 エシオ.csv","服装名（日本語）"
"最カワ錬金術服","最カワ錬金術服","CSV/キャラデータ/Chara26 クラリス.csv","服装名（日本語）"
"宰相衣","宰相衣","CSV/キャラデータ/Chara272 アダム.csv","服装名（日本語）"
"祭司の装束","祭司の装束","CSV/キャラデータ/Chara398 ポピー.csv","服装名（日本語）"
"裁定者の平服","裁定者の平服","CSV/キャラデータ/Chara406 ルシオ.csv","服装名（日本語）"
"三女神の乙女装束","三女神の乙女装束","CSV/キャラデータ/Chara393 バズヴ.csv; CSV/キャラデータ/Chara394 ヴァハ.csv; CSV/キャラデータ/Chara395 モリガン.csv","服装名（日本語）"
"山岳狩人の軽装","山岳狩人の軽装","CSV/キャラデータ/Chara321 フレッセル.csv","服装名（日本語）"
"山暮らしの普段着","山暮らしの普段着","CSV/キャラデータ/Chara323 パヴィーダ.csv","服装名（日本語）"
"斬姫の修練服","斬姫の修練服","CSV/キャラデータ/Chara31 ナルメア.csv","服装名（日本語）"
"子の十二神将服","子の十二神将服","CSV/キャラデータ/Chara6 ビカラ.csv","服装名（日本語）"
"子供ドラゴンの鱗","子供ドラゴンの鱗","CSV/キャラデータ/Chara400 エリザベス.csv","服装名（日本語）"
"志希のバトルドレス","志希のバトルドレス","口上_キャラ個別ERB\1401_志希\CLOTHES_志希のバトルドレス.ERB","服装名（日本語）"
"指揮者のローブ","指揮者のローブ","CSV/キャラデータ/Chara352 カッツェリーラ.csv","服装名（日本語）"
"指教天司の装い","指教天司の装い","CSV/キャラデータ/Chara449 アズラエル.csv; CSV/キャラデータ/Chara450 イスラフィル.csv","服装名（日本語）"
"死と恋人の賢者装","死と恋人の賢者装","CSV/キャラデータ/Chara64 ニーア.csv","服装名（日本語）"
"死の夜を束ねたブラックドレス","死の夜を束ねたブラックドレス","CSV/キャラデータ/Chara209 セレスト・マグナ.csv","服装名（日本語）"
"死滅の器の装束","死滅の器の装束","CSV/キャラデータ/Chara419 コク.csv","服装名（日本語）"
"紫苑の更紗","紫苑の更紗","CSV/キャラデータ/Chara144 ハウへト.csv","服装名（日本語）"
"紫水晶を探す旅装束","紫水晶を探す旅装束","CSV/キャラデータ/Chara347 エゼクレイン.csv","服装名（日本語）"
"至高の獅子王バニー","至高の獅子王バニー","通常衣装関連\販売用服データ\CLOTHES_至高の獅子王バニー.ERB","服装名（日本語）"
"侍の鎧","侍の鎧","CSV/キャラデータ/Chara353 サビルバラ.csv","服装名（日本語）"
"慈愛の薬草士服","慈愛の薬草士服","CSV/キャラデータ/Chara203 ジャスミン.csv","服装名（日本語）"
"慈母の普段着","慈母の普段着","CSV/キャラデータ/Chara133 ラルナ.csv","服装名（日本語）"
"時と因果の導服","時と因果の導服","CSV/キャラデータ/Chara104 オロロジャイア.csv; CSV/キャラデータ/Chara243 オロロジャイア(男).csv","服装名（日本語）"
"雫のダンジョン衣装","雫のダンジョン衣装","口上_キャラ個別ERB\1035_雫\CLOTHES_雫のダンジョン衣装.ERB","服装名（日本語）"
"七宝石のドレス","七宝石のドレス","CSV/キャラデータ/Chara223 レ・フィーエ.csv","服装名（日本語）"
"漆黒の闘士軽装","漆黒の闘士軽装","CSV/キャラデータ/Chara237 ボーマン.csv","服装名（日本語）"
"守護獅子の旅装束","守護獅子の旅装束","CSV/キャラデータ/Chara295 レオナ.csv","服装名（日本語）"
"守護者の騎士鎧","守護者の騎士鎧","CSV/キャラデータ/Chara149 カタリナ.csv","服装名（日本語）"
"守護者の戦装束","守護者の戦装束","CSV/キャラデータ/Chara51 アテナ.csv","服装名（日本語）"
"手作り勇者の服","手作り勇者の服","CSV/キャラデータ/Chara320 セロニム.csv","服装名（日本語）"
"朱染の舞踊装束","朱染の舞踊装束","CSV/キャラデータ/Chara174 コウ.csv","服装名（日本語）"
"朱帝の四聖装束","朱帝の四聖装束","口上_キャラ個別ERB\167_チチリ\口上_チチリ_衣装変更関連.ERB; CSV/キャラデータ/Chara167 チチリ.csv","服装名（日本語）"
"呪符使いの帝国軍服","呪符使いの帝国軍服","CSV/キャラデータ/Chara377 ロザミア.csv","服装名（日本語）"
"修道服","nun habit","初期タグ / TEQUIP着用状態; 通常衣装関連\服データ\CLOTHES_汎用服データ.ERB","初期タグ"
"十天装束・一","十天装束・一","CSV/キャラデータ/Chara155 ウーノ.csv","服装名（日本語）"
"十天装束・九","十天装束・九","CSV/キャラデータ/Chara59 ニオ.csv","服装名（日本語）"
"十天装束・五","十天装束・五","CSV/キャラデータ/Chara58 フュンフ.csv","服装名（日本語）"
"十天装束・三","十天装束・三","CSV/キャラデータ/Chara57 サラーサ.csv","服装名（日本語）"
"十天装束・四","十天装束・四","CSV/キャラデータ/Chara156 カトル.csv","服装名（日本語）"
"十天装束・七","十天装束・七","CSV/キャラデータ/Chara158 シエテ.csv","服装名（日本語）"
"十天装束・十","十天装束・十","CSV/キャラデータ/Chara60 エッセル.csv","服装名（日本語）"
"十天装束・二","十天装束・二","CSV/キャラデータ/Chara56 ソーン.csv","服装名（日本語）"
"十天装束・八","十天装束・八","CSV/キャラデータ/Chara159 オクトー.csv","服装名（日本語）"
"十天装束・六","十天装束・六","CSV/キャラデータ/Chara157 シス.csv","服装名（日本語）"
"柔と知の装束","柔と知の装束","CSV/キャラデータ/Chara75 ネモネ.csv","服装名（日本語）"
"獣の母のドレス","獣の母のドレス","CSV/キャラデータ/Chara425 エキドナ.csv","服装名（日本語）"
"重砲操る女騎士服","重砲操る女騎士服","CSV/キャラデータ/Chara100 ラスティナ.csv","服装名（日本語）"
"銃士のミニスカート","銃士のミニスカート","CSV/キャラデータ/Chara200 ジェシカ.csv","服装名（日本語）"
"銃姉妹の設計師服","銃姉妹の設計師服","CSV/キャラデータ/Chara16 ククル.csv","服装名（日本語）"
"銃姉妹の末妹服","銃姉妹の末妹服","CSV/キャラデータ/Chara15 クムユ.csv","服装名（日本語）"
"淑女のドレス","淑女のドレス","CSV/キャラデータ/Chara303 レディ・グレイ.csv","服装名（日本語）"
"純白のウェディングドレス","純白のウェディングドレス","CSV/キャラデータ/Chara134 ジュリエット.csv","服装名（日本語）"
"巡礼者のローブ","巡礼者のローブ","CSV/キャラデータ/Chara205 ソフィア.csv","服装名（日本語）"
"女宰相のバリキャリスーツ","女宰相のバリキャリスーツ","CSV/キャラデータ/Chara125 フリーシア.csv","服装名（日本語）"
"女帝のドレス","女帝のドレス","CSV/キャラデータ/Chara365 クリスティーナ.csv","服装名（日本語）"
"勝負師の一張羅","勝負師の一張羅","CSV/キャラデータ/Chara336 リチャード.csv","服装名（日本語）"
"商人の旅装束","商人の旅装束","CSV/キャラデータ/Chara296 カルテイラ.csv","服装名（日本語）"
"少女を守る陣羽織り","少女を守る陣羽織り","CSV/キャラデータ/Chara409 ネクタル.csv","服装名（日本語）"
"少女王の軽装","少女王の軽装","CSV/キャラデータ/Chara195 オルキス.csv","服装名（日本語）"
"承継の錬金術師服","承継の錬金術師服","CSV/キャラデータ/Chara423 ハロルド.csv","服装名（日本語）"
"笑いと驚きの道化服","笑いと驚きの道化服","CSV/キャラデータ/Chara315 ウラムヌラン.csv","服装名（日本語）"
"上タイツ","bodystocking","初期タグ / TEQUIP着用状態","初期タグ"
"上半身下着_1","bra","初期タグ / TEQUIP着用状態","初期タグ"
"上半身下着_-1","open-cup bra","初期タグ / TEQUIP着用状態","初期タグ"
"上半身下着_2","pasties","初期タグ / TEQUIP着用状態","初期タグ"
"上半身下着_-2","nipple piercings","初期タグ / TEQUIP着用状態","初期タグ"
"上半身下着_3","sarashi","初期タグ / TEQUIP着用状態","初期タグ"
"上半身下着_-3","nipple tags","初期タグ / TEQUIP着用状態","初期タグ"
"上半身下着_4","ribbon bra","初期タグ / TEQUIP着用状態","初期タグ"
"上半身裸","topless","初期タグ / TEQUIP着用状態","初期タグ"
"常夏のアロハスタイル","hawaiian shirt","初期タグ / TEQUIP着用状態; 通常衣装関連\販売用服データ\CLOTHES_常夏のアロハスタイル.ERB","初期タグ"
"新米兵士の普段着","新米兵士の普段着","CSV/キャラデータ/Chara268 ファラ.csv","服装名（日本語）"
"深海のご案内服","深海のご案内服","CSV/キャラデータ/Chara171 カリュブディス.csv","服装名（日本語）"
"申の十二神将服","申の十二神将服","CSV/キャラデータ/Chara2 アンチラ.csv","服装名（日本語）"
"真龍の平民服","真龍の平民服","CSV/キャラデータ/Chara186 スカーサハ.csv","服装名（日本語）"
"真龍専属の侍女服","真龍専属の侍女服","CSV/キャラデータ/Chara229 エルバハ.csv","服装名（日本語）"
"神に選ばれたリラ奏者の正装","神に選ばれたリラ奏者の正装","CSV/キャラデータ/Chara344 アンリエット.csv","服装名（日本語）"
"神威霊装・一番","神威霊装・一番","口上_キャラ個別ERB\3636_折紙\CLOTHES_神威霊装・一番.ERB","服装名（日本語）"
"神威霊装・五番","神威霊装・五番","口上_キャラ個別ERB\3176_琴里\CLOTHES_神威霊装・五番.ERB","服装名（日本語）"
"神王の鎧","神王の鎧","CSV/キャラデータ/Chara226 ロミオ.csv","服装名（日本語）"
"神代の審問者の正装","神代の審問者の正装","CSV/キャラデータ/Chara385 へレル・ベン・シャレム.csv","服装名（日本語）"
"神秘と叡智のレオタード","神秘と叡智のレオタード","CSV/キャラデータ/Chara143 ラジエル.csv","服装名（日本語）"
"神秘と邂逅の雛衣","神秘と邂逅の雛衣","CSV/キャラデータ/Chara145 フェニー.csv","服装名（日本語）"
"人格衣装：中指末妹","人格衣装：中指末妹","口上_キャラ個別ERB\1389_ドンキホーテ\CLOTHES_人格衣装：中指末妹.ERB","服装名（日本語）"
"人形少女の黒衣","人形少女の黒衣","CSV/キャラデータ/Chara194 オーキス.csv","服装名（日本語）"
"人狼のジャケット","人狼のジャケット","CSV/キャラデータ/Chara206 ウーフ.csv","服装名（日本語）"
"仁慈のドレス","仁慈のドレス","CSV/キャラデータ/Chara199 エイレア.csv","服装名（日本語）"
"仁美の武者姿","仁美の武者姿","口上_キャラ個別ERB\2710_仁美\CLOTHES_仁美の武者姿.ERB","服装名（日本語）"
"刃重統べる長のドレス","刃重統べる長のドレス","CSV/キャラデータ/Chara141 マギラフリラ.csv","服装名（日本語）"
"水の卜者の装い","水の卜者の装い","CSV/キャラデータ/Chara412 テフヌト.csv","服装名（日本語）"
"水司る天司の装い","水司る天司の装い","CSV/キャラデータ/Chara359 ガブリエル.csv","服装名（日本語）"
"水神の腰巻","水神の腰巻","CSV/キャラデータ/Chara373 ポセイドン.csv","服装名（日本語）"
"水着","swimsuit","初期タグ / TEQUIP着用状態; 通常衣装関連\服データ\CLOTHES_汎用服データ.ERB","初期タグ"
"翠の弓道着","kyudogi","初期タグ / TEQUIP着用状態; 口上_キャラ個別ERB\2354_翠\CLOTHES_翠の弓道着.ERB","初期タグ"
"政と統治の装束","政と統治の装束","CSV/キャラデータ/Chara74 フェルルカ.csv","服装名（日本語）"
"星トモのおしゃれ服","星トモのおしゃれ服","CSV/キャラデータ/Chara23 サテュロス.csv","服装名（日本語）"
"星と戦車の賢者装","星と戦車の賢者装","CSV/キャラデータ/Chara262 ガイゼンボーガ.csv","服装名（日本語）"
"星の美神の戦装束","星の美神の戦装束","CSV/キャラデータ/Chara84 ブローディア.csv","服装名（日本語）"
"星の美姫の装束","星の美姫の装束","CSV/キャラデータ/Chara83 エウロペ.csv","服装名（日本語）"
"星蛇の装束","星蛇の装束","CSV/キャラデータ/Chara24 メドゥーサ.csv","服装名（日本語）"
"星晶獣の演奏服","星晶獣の演奏服","CSV/キャラデータ/Chara305 バアル.csv","服装名（日本語）"
"星晶獣の戦闘服","星晶獣の戦闘服","CSV/キャラデータ/Chara304 ナタク.csv","服装名（日本語）"
"晴れ着","kimono","初期タグ / TEQUIP着用状態; 通常衣装関連\服データ\CLOTHES_汎用服データ.ERB","初期タグ"
"正義と女帝の賢者装","正義と女帝の賢者装","CSV/キャラデータ/Chara61 マリアテレサ.csv","服装名（日本語）"
"生き恥ウエディングドレス","生き恥ウエディングドレス","通常衣装関連\服データ\CLOTHES_生き恥ウエディングドレス.ERB","服装名（日本語）"
"聖騎士の鎧","聖騎士の鎧","CSV/キャラデータ/Chara281 コーデリア.csv; CSV/キャラデータ/Chara278 バウタオーダ.csv","服装名（日本語）"
"聖国の執事服","聖国の執事服","CSV/キャラデータ/Chara254 セワスチアン.csv","服装名（日本語）"
"聖戦へ導く戦装束","聖戦へ導く戦装束","CSV/キャラデータ/Chara90 ジャンヌ.csv","服装名（日本語）"
"青紅葉の琵琶弾き服","青紅葉の琵琶弾き服","CSV/キャラデータ/Chara172 スイ.csv","服装名（日本語）"
"青帝の四聖装束","青帝の四聖装束","CSV/キャラデータ/Chara180 アミ.csv","服装名（日本語）"
"赤ずきんの普段着","赤ずきんの普段着","CSV/キャラデータ/Chara207 レニー.csv","服装名（日本語）"
"雪国仕立ての旅装","雪国仕立ての旅装","CSV/キャラデータ/Chara322 ノルセル.csv","服装名（日本語）"
"先代丑の十二神将服","先代丑の十二神将服","CSV/キャラデータ/Chara176 シャトラのママ.csv","服装名（日本語）"
"千佳の魔法少女コス","千佳の魔法少女コス","口上_キャラ個別ERB\2033_千佳\CLOTHES_千佳の魔法少女コス.ERB","服装名（日本語）"
"戦姫のドレス","戦姫のドレス","CSV/キャラデータ/Chara42 ヘルエス.csv","服装名（日本語）"
"船造りの星晶服","船造りの星晶服","CSV/キャラデータ/Chara150 ノア.csv","服装名（日本語）"
"前開きの黒いフード","前開きの黒いフード","CSV/キャラデータ/Chara204 エルモート.csv","服装名（日本語）"
"全裸","nude","初期タグ / TEQUIP着用状態; 通常衣装関連\服データ\CLOTHES_汎用服データ.ERB; CSV/キャラデータ/Chara132 ビィ.csv","初期タグ"
"狙撃手のジャケット","狙撃手のジャケット","CSV/キャラデータ/Chara17 シルヴァ.csv","服装名（日本語）"
"祖母が遺した魔女衣装","祖母が遺した魔女衣装","CSV/キャラデータ/Chara191 アンナ.csv","服装名（日本語）"
"組織の教官服","組織の教官服","CSV/キャラデータ/Chara19 イルザ.csv","服装名（日本語）"
"組織の新兵服","組織の新兵服","CSV/キャラデータ/Chara22 グウィン.csv","服装名（日本語）"
"組織の戦闘服・群青","組織の戦闘服・群青","CSV/キャラデータ/Chara21 ベアトリクス.csv","服装名（日本語）"
"組織の戦闘服・真紅","組織の戦闘服・真紅","CSV/キャラデータ/Chara20 ゼタ.csv","服装名（日本語）"
"組織の狙撃服・霹靂","組織の狙撃服・霹靂","CSV/キャラデータ/Chara161 ユーステス.csv","服装名（日本語）"
"創樹の祭服","創樹の祭服","CSV/キャラデータ/Chara124 ユグドラシル.csv","服装名（日本語）"
"双剣の白竜騎士服","双剣の白竜騎士服","CSV/キャラデータ/Chara151 ランスロット.csv; CSV/キャラデータ/Chara152 ヴェイン.csv","服装名（日本語）"
"操舵士の服","操舵士の服","CSV/キャラデータ/Chara432 アナマリア.csv","服装名（日本語）"
"槍術士の服","槍術士の服","CSV/キャラデータ/Chara342 マライア.csv","服装名（日本語）"
"相承の錬金術師服","相承の錬金術師服","CSV/キャラデータ/Chara169 プロメティア.csv","服装名（日本語）"
"蒼き心の乙女服","蒼き心の乙女服","CSV/キャラデータ/Chara128 イオ.csv","服装名（日本語）"
"蒼の少女の普段着","蒼の少女の普段着","CSV/キャラデータ/Chara28 ルリア.csv","服装名（日本語）"
"蒼天の騎士鎧","蒼天の騎士鎧","CSV/キャラデータ/Chara434 アレス.csv","服装名（日本語）"
"走艇レーサースーツ","走艇レーサースーツ","CSV/キャラデータ/Chara317 ミュオン.csv","服装名（日本語）"
"村長の娘の服","村長の娘の服","CSV/キャラデータ/Chara426 サリエリア.csv","服装名（日本語）"
"太陽と教皇の賢者装","太陽と教皇の賢者装","CSV/キャラデータ/Chara240 アラナン.csv","服装名（日本語）"
"太陽奉る巫女服","太陽奉る巫女服","CSV/キャラデータ/Chara106 ザルハメリナ.csv","服装名（日本語）"
"堕天使の戦装束","堕天使の戦装束","CSV/キャラデータ/Chara79 オリヴィエ.csv","服装名（日本語）"
"堕天司の服","堕天司の服","CSV/キャラデータ/Chara271 ベリアル.csv","服装名（日本語）"
"堕落へ誘う戦装束","堕落へ誘う戦装束","CSV/キャラデータ/Chara91 ジャンヌ・闇.csv","服装名（日本語）"
"体操着","gym uniform","初期タグ / TEQUIP着用状態; 通常衣装関連\販売用服データ\CLOTHES_体操着.ERB","初期タグ"
"逮捕しちゃうゾ","police uniform","初期タグ / TEQUIP着用状態; 通常衣装関連\販売用服データ\CLOTHES_逮捕しちゃうゾ.ERB","初期タグ"
"大拳豪の道着","大拳豪の道着","CSV/キャラデータ/Chara277 ガンダゴウザ.csv","服装名（日本語）"
"大地を駆る狩装束","大地を駆る狩装束","CSV/キャラデータ/Chara72 スーテラ.csv","服装名（日本語）"
"大魔導師のローブ","大魔導師のローブ","CSV/キャラデータ/Chara331 マルキアレス.csv","服装名（日本語）"
"辰の十二神将服","辰の十二神将服","CSV/キャラデータ/Chara127 ハイラ.csv","服装名（日本語）"
"探求者のドレス","探求者のドレス","CSV/キャラデータ/Chara341 マイシェラ.csv","服装名（日本語）"
"探偵助手の捜査服","探偵助手の捜査服","CSV/キャラデータ/Chara95 サーヤ.csv","服装名（日本語）"
"断罪の戦装束","断罪の戦装束","CSV/キャラデータ/Chara451 シルヴィア.csv","服装名（日本語）"
"知爵の儀礼服","知爵の儀礼服","CSV/キャラデータ/Chara402 ユリウス.csv","服装名（日本語）"
"智花の魔法少女服","智花の魔法少女服","口上_キャラ個別ERB\3071_智花\CLOTHES_智花の魔法少女服.ERB","服装名（日本語）"
"秩序の団員服","秩序の団員服","CSV/キャラデータ/Chara36 リーシャ.csv","服装名（日本語）"
"秩序の団長服","秩序の団長服","CSV/キャラデータ/Chara35 モニカ.csv","服装名（日本語）"
"着古した修道服","着古した修道服","CSV/キャラデータ/Chara65 ラムレッダ.csv","服装名（日本語）"
"挑戦者の白装束","挑戦者の白装束","CSV/キャラデータ/Chara263 アルハリード.csv","服装名（日本語）"
"調月リオの臨戦衣装","調月リオの臨戦衣装","口上_キャラ個別ERB\3217_リオ\CLOTHES_調月リオの臨戦衣装.ERB","服装名（日本語）"
"調停たる天秤の装束","調停たる天秤の装束","CSV/キャラデータ/Chara379 コスモス.csv","服装名（日本語）"
"調停者の服","調停者の服","CSV/キャラデータ/Chara131 ゾーイ.csv","服装名（日本語）"
"跳姫の服","跳姫の服","CSV/キャラデータ/Chara50 カルメリーナ.csv","服装名（日本語）"
"帝国制式耐Ｂスーツ（女性用）","帝国制式耐Ｂスーツ（女性用）","口上_キャラ個別ERB\2845_ハンナ\ダンジョン用衣装設定_ハンナ.ERB","服装名（日本語）"
"笛吹きの簡易服","笛吹きの簡易服","CSV/キャラデータ/Chara54 ミムルメモル.csv","服装名（日本語）"
"鉄球娘の獣装束","鉄球娘の獣装束","CSV/キャラデータ/Chara96 ダエッタ.csv","服装名（日本語）"
"鉄拳のメイド服","鉄拳のメイド服","CSV/キャラデータ/Chara182 クラウディア.csv","服装名（日本語）"
"天空を駆る狩装束","天空を駆る狩装束","CSV/キャラデータ/Chara71 メーテラ.csv","服装名（日本語）"
"天司の鎧","天司の鎧","CSV/キャラデータ/Chara258 サンダルフォン.csv","服装名（日本語）"
"兎小娘の忍び服","兎小娘の忍び服","CSV/キャラデータ/Chara116 レオノーラ.csv","服装名（日本語）"
"土司る天司の装い","土司る天司の装い","CSV/キャラデータ/Chara350 ウリエル.csv","服装名（日本語）"
"塔に響く破壊の賢者装","塔に響く破壊の賢者装","CSV/キャラデータ/Chara282 ロベリア.csv","服装名（日本語）"
"桃色の欲望","桃色の欲望","通常衣装関連\条件付き服データ\CLOTHES_桃色の欲望.ERB","服装名（日本語）"
"盗賊の軽装","盗賊の軽装","CSV/キャラデータ/Chara252 ガルマ.csv","服装名（日本語）"
"湯上がり","bathrobe","初期タグ / TEQUIP着用状態; 通常衣装関連\服データ\CLOTHES_汎用服データ.ERB","初期タグ"
"湯浴み着","towel, wrapped towel","初期タグ / TEQUIP着用状態; 通常衣装関連\服データ\CLOTHES_汎用服データ.ERB","初期タグ"
"瞳の一族の儀礼服","瞳の一族の儀礼服","CSV/キャラデータ/Chara115 レイ.csv","服装名（日本語）"
"特異点のちょっといやらしい普段着","特異点のちょっといやらしい普段着","口上_キャラ個別ERB\2998_ゾロアーク\スタイル変化_ゾロアーク.ERB","服装名（日本語）"
"特異点の普段着","特異点の普段着","CSV/キャラデータ/Chara27 ジータ.csv","服装名（日本語）"
"特別なレディの旅装服","特別なレディの旅装服","CSV/キャラデータ/Chara110 ドロッセル.csv","服装名（日本語）"
"寅の十二神将服：陰","寅の十二神将服：陰","CSV/キャラデータ/Chara9 シンダラ_パイ.csv","服装名（日本語）"
"寅の十二神将服：陽","寅の十二神将服：陽","CSV/キャラデータ/Chara8 シンダラ_フアン.csv","服装名（日本語）"
"酉の十二神将服","酉の十二神将服","CSV/キャラデータ/Chara3 マキラ.csv","服装名（日本語）"
"肉色の欲望","肉色の欲望","通常衣装関連\条件付き服データ\CLOTHES_肉色の欲望.ERB","服装名（日本語）"
"虹色の純情ミニスカート","虹色の純情ミニスカート","CSV/キャラデータ/Chara40 クピタン.csv","服装名（日本語）"
"妊娠ワンダーアルケミスト","妊娠ワンダーアルケミスト","口上_キャラ個別ERB\25_カリオストロ\口上_カリオストロ_衣装変更関連.ERB","服装名（日本語）"
"猫祭り","猫祭り","口上_キャラ個別ERB\2268_ミレイ\CLOTHES_猫祭り.ERB","服装名（日本語）"
"熱血少年服","熱血少年服","CSV/キャラデータ/Chara189 アレク.csv","服装名（日本語）"
"破戒修道服","revealing nun habit","初期タグ / TEQUIP着用状態; 通常衣装関連\販売用服データ\CLOTHES_破戒修道服.ERB","初期タグ"
"白いワンピース","white dress","初期タグ / TEQUIP着用状態","初期タグ"
"白き指教天司の装い","白き指教天司の装い","CSV/キャラデータ/Chara362 マールート.csv","服装名（日本語）"
"白の騎士鎧","白の騎士鎧","CSV/キャラデータ/Chara437 シーザー・クレイグ.csv","服装名（日本語）"
"白銀の甲冑","白銀の甲冑","CSV/キャラデータ/Chara372 フレイ.csv","服装名（日本語）"
"白狐の舞服","白狐の舞服","CSV/キャラデータ/Chara34 ソシエ.csv","服装名（日本語）"
"白帝の四聖装束","白帝の四聖装束","CSV/キャラデータ/Chara197 シュシュク.csv","服装名（日本語）"
"白竜見習い騎士服","白竜見習い騎士服","CSV/キャラデータ/Chara230 アーサー.csv","服装名（日本語）"
"白龍見習い軽装騎士服","白龍見習い軽装騎士服","CSV/キャラデータ/Chara231 モルドレッド.csv","服装名（日本語）"
"薄明のドレス","薄明のドレス","CSV/キャラデータ/Chara120 アリア.csv","服装名（日本語）"
"髪長姫のワンピース","髪長姫のワンピース","CSV/キャラデータ/Chara53 メリッサベル.csv","服装名（日本語）"
"汎用","汎用","通常衣装関連\服データ\CLOTHES_レオタード.ERB","服装名（日本語）"
"緋焔の戦装束","緋焔の戦装束","CSV/キャラデータ/Chara138 マーズ.csv","服装名（日本語）"
"緋色の騎士鎧","緋色の騎士鎧","CSV/キャラデータ/Chara404 バラゴナ・アラゴン.csv","服装名（日本語）"
"美しい毛皮","美しい毛皮","口上_キャラ個別ERB\3072_イザベラ\スタイル変化_イザベラ.ERB","服装名（日本語）"
"美波のバトルドレス","美波のバトルドレス","口上_キャラ個別ERB\1406_美波\CLOTHES_美波の戦闘衣装.ERB","服装名（日本語）"
"美姫のドレスレオタード","美姫のドレスレオタード","口上_キャラ個別ERB\83_エウロペ\CLOTHES_美姫のドレスレオタード.ERB","服装名（日本語）"
"美遊のダンジョン衣装","美遊のダンジョン衣装","口上_キャラ個別ERB\1187_美遊\CLOTHES_美遊のダンジョン衣装.ERB","服装名（日本語）"
"氷の妖精のドレス","氷の妖精のドレス","CSV/キャラデータ/Chara414 イーニー.csv","服装名（日本語）"
"氷皇の儀礼鎧","氷皇の儀礼鎧","CSV/キャラデータ/Chara388 アグロヴァル.csv","服装名（日本語）"
"氷晶の指揮者装束","氷晶の指揮者装束","CSV/キャラデータ/Chara193 エリン.csv","服装名（日本語）"
"氷晶宮の姫衣装","氷晶宮の姫衣装","CSV/キャラデータ/Chara192 リリィ.csv","服装名（日本語）"
"氷晶姫のドレス","氷晶姫のドレス","CSV/キャラデータ/Chara396 ティア.csv","服装名（日本語）"
"氷狼を鎮めし僧服","氷狼を鎮めし僧服","CSV/キャラデータ/Chara142 イストリアス.csv","服装名（日本語）"
"不死なる童女の服","不死なる童女の服","CSV/キャラデータ/Chara392 リタ.csv","服装名（日本語）"
"不退転の鎧","不退転の鎧","CSV/キャラデータ/Chara391 シャリオス17世.csv","服装名（日本語）"
"斧少女の普段着","斧少女の普段着","CSV/キャラデータ/Chara343 アビー.csv","服装名（日本語）"
"普段着","default outfit","初期タグ / TEQUIP着用状態; CSV/キャラデータ/Chara0.csv; CSV/キャラデータ/Chara999 ランダムキャラ枠.csv","初期タグ"
"普通のオーバーオール","overalls","初期タグ / TEQUIP着用状態; 通常衣装関連\販売用服データ\CLOTHES_普通のオーバーオール.ERB","初期タグ"
"武器職人の鉱員作業着","武器職人の鉱員作業着","CSV/キャラデータ/Chara94 アルメイダ.csv","服装名（日本語）"
"舞い歌う五花の巫女服・なごやか","舞い歌う五花の巫女服・なごやか","CSV/キャラデータ/Chara89 ジオラ.csv","服装名（日本語）"
"舞い歌う五花の巫女服・乙女心","舞い歌う五花の巫女服・乙女心","CSV/キャラデータ/Chara86 リナリア.csv","服装名（日本語）"
"舞い歌う五花の巫女服・情熱","舞い歌う五花の巫女服・情熱","CSV/キャラデータ/Chara88 カンナ.csv","服装名（日本語）"
"舞い歌う五花の巫女服・勇敢","舞い歌う五花の巫女服・勇敢","CSV/キャラデータ/Chara85 ディアンサ.csv","服装名（日本語）"
"舞い歌う五花の巫女服・友情","舞い歌う五花の巫女服・友情","CSV/キャラデータ/Chara87 ハリエ.csv","服装名（日本語）"
"舞主のワンピース","舞主のワンピース","CSV/キャラデータ/Chara208 アンスリア.csv","服装名（日本語）"
"部屋着","loungewear","初期タグ / TEQUIP着用状態; 通常衣装関連\服データ\CLOTHES_汎用服データ.ERB","初期タグ"
"風雅なるドレス","風雅なるドレス","CSV/キャラデータ/Chara121 フォリア.csv","服装名（日本語）"
"風司る天司の装い","風司る天司の装い","CSV/キャラデータ/Chara390 ラファエル.csv","服装名（日本語）"
"風子の魔法少女服","風子の魔法少女服","口上_キャラ個別ERB\3542_風子\CLOTHES_風子の魔法少女服.ERB","服装名（日本語）"
"風祷師の服","風祷師の服","CSV/キャラデータ/Chara358 ペトラ.csv","服装名（日本語）"
"風遊ぶ星晶獣の装束","風遊ぶ星晶獣の装束","CSV/キャラデータ/Chara225 ティアマト.csv","服装名（日本語）"
"副司令官の軍服","副司令官の軍服","CSV/キャラデータ/Chara234 エリカ.csv","服装名（日本語）"
"碧の騎士鎧","碧の騎士鎧","CSV/キャラデータ/Chara439 ヴァルフリート.csv","服装名（日本語）"
"宝具を振るう衛兵制服","宝具を振るう衛兵制服","CSV/キャラデータ/Chara99 ラグナ.csv","服装名（日本語）"
"放浪娘のおしゃれ服","放浪娘のおしゃれ服","CSV/キャラデータ/Chara220 アーミラ.csv","服装名（日本語）"
"亡国の王族鎧","亡国の王族鎧","CSV/キャラデータ/Chara187 セルエル.csv","服装名（日本語）"
"亡国の騎士鎧","亡国の騎士鎧","CSV/キャラデータ/Chara188 ノイシュ.csv","服装名（日本語）"
"暴風と颶風司る天翔無尽の螺旋が……えっ、長い？　ちょ、ちょっと待って！","暴風と颶風司る天翔無尽の螺旋が……えっ、長い？　ちょ、ちょっと待って！","CSV/キャラデータ/Chara166 グリームニル.csv","服装名（日本語）"
"紡ぎ手の服","紡ぎ手の服","CSV/キャラデータ/Chara49 コルワ.csv","服装名（日本語）"
"魔ヲ抑エシ封布","魔ヲ抑エシ封布","CSV/キャラデータ/Chara328 ゼヘク.csv","服装名（日本語）"
"魔剣士の革鎧","魔剣士の革鎧","CSV/キャラデータ/Chara351 イカロス.csv","服装名（日本語）"
"魔術師の服","魔術師の服","CSV/キャラデータ/Chara415 サルナーン.csv","服装名（日本語）"
"魔女のドレス","魔女のドレス","CSV/キャラデータ/Chara38 マギサ.csv","服装名（日本語）"
"魔導士のローブ","魔導士のローブ","CSV/キャラデータ/Chara312 ダーント.csv","服装名（日本語）"
"魔導士団長の儀式服","魔導士団長の儀式服","CSV/キャラデータ/Chara70 フロレンス.csv","服装名（日本語）"
"魔物好きの聖職衣","魔物好きの聖職衣","CSV/キャラデータ/Chara306 ウィル.csv","服装名（日本語）"
"未の十二神将服","未の十二神将服","CSV/キャラデータ/Chara1 アニラ.csv","服装名（日本語）"
"未熟な臆病勇者の服","未熟な臆病勇者の服","CSV/キャラデータ/Chara185 スタン.csv","服装名（日本語）"
"巳の十二神将服","巳の十二神将服","CSV/キャラデータ/Chara417 インダラ.csv","服装名（日本語）"
"夢見の服","夢見の服","CSV/キャラデータ/Chara284 ヴェトル.csv; CSV/キャラデータ/Chara283 モルフェ.csv","服装名（日本語）"
"夢色アイドル衣装","夢色アイドル衣装","CSV/キャラデータ/Chara113 リルル.csv","服装名（日本語）"
"冥闇の全身鎧","冥闇の全身鎧","CSV/キャラデータ/Chara162 バザラガ.csv","服装名（日本語）"
"冥界のわんわん鎧","冥界のわんわん鎧","CSV/キャラデータ/Chara80 ケルベロス.csv; CSV/キャラデータ/Chara81 ケルベロス・理性.csv; CSV/キャラデータ/Chara82 ケルベロス・力.csv","服装名（日本語）"
"冥妃のドレス","冥妃のドレス","CSV/キャラデータ/Chara103 ヘカテー.csv","服装名（日本語）"
"名匠の鍛冶衣","名匠の鍛冶衣","CSV/キャラデータ/Chara276 ガラドア.csv","服装名（日本語）"
"名探偵のスーツ","名探偵のスーツ","CSV/キャラデータ/Chara270 バロワ.csv","服装名（日本語）"
"妄想少女の勝負服","妄想少女の勝負服","CSV/キャラデータ/Chara39 ルナール.csv","服装名（日本語）"
"夜煙のビスチェ","夜煙のビスチェ","CSV/キャラデータ/Chara135 キャサリン.csv","服装名（日本語）"
"薬師の法衣","薬師の法衣","CSV/キャラデータ/Chara453 バイシュラ.csv","服装名（日本語）"
"薬師の旅装束","薬師の旅装束","CSV/キャラデータ/Chara316 シャオ.csv","服装名（日本語）"
"優しき母の普段着","優しき母の普段着","CSV/キャラデータ/Chara93 アリシア.csv","服装名（日本語）"
"優婉なる決闘服","優婉なる決闘服","CSV/キャラデータ/Chara201 テレーズ.csv","服装名（日本語）"
"勇敢なる森の戦士の装束","勇敢なる森の戦士の装束","CSV/キャラデータ/Chara202 ウェルダー.csv","服装名（日本語）"
"勇気のバリアジャケット","勇気のバリアジャケット","口上_キャラ個別ERB\2634_なのは\CLOTHES_勇気のバリアジャケット.ERB","服装名（日本語）"
"幽獣使いの普段着","幽獣使いの普段着","CSV/キャラデータ/Chara101 フェリ.csv","服装名（日本語）"
"幽母のブルードレス","幽母のブルードレス","CSV/キャラデータ/Chara177 カレンティア.csv","服装名（日本語）"
"有香のダンジョン衣装","有香のダンジョン衣装","口上_キャラ個別ERB\1485_有香\CLOTHES_有香のダンジョン衣装.ERB","服装名（日本語）"
"遊兵の戦闘服","遊兵の戦闘服","CSV/キャラデータ/Chara383 ドランク.csv","服装名（日本語）"
"予知者の服","予知者の服","CSV/キャラデータ/Chara37 アルルメイヤ.csv","服装名（日本語）"
"傭兵の鎧","傭兵の鎧","CSV/キャラデータ/Chara339 ヘリヤ.csv","服装名（日本語）"
"幼き少女のおでかけ服","幼き少女のおでかけ服","CSV/キャラデータ/Chara98 ヤイア.csv","服装名（日本語）"
"踊り子の服","踊り子の服","CSV/キャラデータ/Chara244 ガイーヌ.csv","服装名（日本語）"
"浴衣","yukata","初期タグ / TEQUIP着用状態; 通常衣装関連\服データ\CLOTHES_汎用服データ.ERB","初期タグ"
"裸エプロン","naked apron","初期タグ / TEQUIP着用状態; 通常衣装関連\服データ\CLOTHES_裸エプロン.ERB","初期タグ"
"裸ミニスカオーバーオール","overall skirt, no shirt","初期タグ / TEQUIP着用状態; 通常衣装関連\販売用服データ\CLOTHES_裸ミニスカオーバーオール.ERB","初期タグ"
"裸リボン","ribbon, nude","初期タグ / TEQUIP着用状態; 通常衣装関連\服データ\CLOTHES_エロ衣装データ.ERB","初期タグ"
"雷迅のジャケット","雷迅のジャケット","CSV/キャラデータ/Chara274 アルベール.csv","服装名（日本語）"
"乱菊の死覇装","shihakushou","初期タグ / TEQUIP着用状態; 口上_キャラ個別ERB\2207_乱菊\CLOTHES_乱菊の死覇装.ERB","初期タグ"
"流転の襤褸","流転の襤褸","CSV/キャラデータ/Chara168 コルル.csv","服装名（日本語）"
"竜殺しのベイルアーマー","竜殺しのベイルアーマー","CSV/キャラデータ/Chara154 ジークフリート.csv","服装名（日本語）"
"旅する神官服","旅する神官服","CSV/キャラデータ/Chara325 ヘイゼン.csv","服装名（日本語）"
"旅人の服","旅人の服","CSV/キャラデータ/Chara314 カロ.csv","服装名（日本語）"
"緑の騎士の戦装束","緑の騎士の戦装束","CSV/キャラデータ/Chara454 オクタヴィア.csv","服装名（日本語）"
"麗奈のダンジョン衣装","麗奈のダンジョン衣装","口上_キャラ個別ERB\1669_麗奈\CLOTHES_麗奈のダンジョン衣装.ERB","服装名（日本語）"
"烈火のバリアジャケット","烈火のバリアジャケット","口上_キャラ個別ERB\1700_シグナム\CLOTHES_烈火のバリアジャケット.ERB","服装名（日本語）"
"老騎空士の冒険装束","老騎空士の冒険装束","CSV/キャラデータ/Chara297 キハール.csv","服装名（日本語）"
"老剣聖の服","老剣聖の服","CSV/キャラデータ/Chara279 ヨダルラーハ.csv","服装名（日本語）"
"老賢者の服","老賢者の服","CSV/キャラデータ/Chara275 アレーティア.csv","服装名（日本語）"
"老獪な銃士服","老獪な銃士服","CSV/キャラデータ/Chara148 オイゲン.csv","服装名（日本語）"
"鷲王の鎧","鷲王の鎧","CSV/キャラデータ/Chara354 ネツァワルピリ.csv","服装名（日本語）"
"傀儡師の装束","傀儡師の装束","CSV/キャラデータ/Chara14 ダヌア.csv","服装名（日本語）"
"儚氷の服","儚氷の服","CSV/キャラデータ/Chara44 イシュミール.csv","服装名（日本語）"
"凛のビキニアーマー","bikini armor","初期タグ / TEQUIP着用状態; 口上_キャラ個別ERB\1005_凛\CLOTHES_凛のビキニアーマー.ERB","初期タグ"
"巫女装束","miko outfit","初期タグ / TEQUIP着用状態; 通常衣装関連\服データ\CLOTHES_汎用服データ.ERB","初期タグ"
"戌の十二神将服","戌の十二神将服","CSV/キャラデータ/Chara4 ヴァジラ.csv","服装名（日本語）"
"薔薇の女王のドレス","薔薇の女王のドレス","CSV/キャラデータ/Chara129 ロゼッタ.csv","服装名（日本語）"
"蠱惑の舞姫","蠱惑の舞姫","通常衣装関連\販売用服データ\CLOTHES_蠱惑の舞姫.ERB","服装名（日本語）"
"贖罪の従者服","贖罪の従者服","CSV/キャラデータ/Chara140 リゼット.csv","服装名（日本語）"
"蹂躙者の戦装束","蹂躙者の戦装束","CSV/キャラデータ/Chara52 エニュオ.csv","服装名（日本語）"
"黎明の巫女服","黎明の巫女服","CSV/キャラデータ/Chara130 サラ.csv","服装名（日本語）"
